16A0065750,2024-04-20 06:00:00,Pass,vcu1
16A0065656,2024-04-20 06:02:00,Fail,vcu1
16A0065748,2024-04-20 06:04:00,Pass,vcu1
16A0065753,2024-04-20 06:05:00,Pass,vcu1
16A0065747,2024-04-20 06:07:00,Pass,vcu1
16A0065521,2024-04-20 06:09:00,Pass,vcu1
16A0065743,2024-04-20 06:10:00,Pass,vcu1
16A0065759,2024-04-20 06:12:00,Pass,vcu1
16A0065886,2024-04-20 06:13:00,Pass,vcu1
16A0065888,2024-04-20 06:15:00,Pass,vcu1
16A0065882,2024-04-20 06:16:00,Pass,vcu1
16A0065764,2024-04-20 06:18:00,Pass,vcu1
16A0065761,2024-04-20 06:19:00,Pass,vcu1
16A0065758,2024-04-20 06:21:00,Pass,vcu1
16A0065884,2024-04-20 06:23:00,Pass,vcu1
16A0065379,2024-04-20 06:24:00,Pass,vcu1
16A0065377,2024-04-20 06:26:00,Pass,vcu1
16A0065820,2024-04-20 06:27:00,Pass,vcu1
16A0065817,2024-04-20 06:29:00,Pass,vcu1
16A0065816,2024-04-20 06:30:00,Pass,vcu1
16A0065895,2024-04-20 06:32:00,Pass,vcu1
16A0065893,2024-04-20 06:33:00,Pass,vcu1
16A0065660,2024-04-20 06:35:00,Pass,vcu1
16A0065590,2024-04-20 06:37:00,Pass,vcu1
16A0065441,2024-04-20 06:38:00,Pass,vcu1
16A0065440,2024-04-20 06:40:00,Pass,vcu1
16A0065444,2024-04-20 06:41:00,Pass,vcu1
16A0065404,2024-04-20 06:43:00,Pass,vcu1
16A0065765,2024-04-20 06:44:00,Pass,vcu1
16A0065766,2024-04-20 06:46:00,Pass,vcu1
16A0065767,2024-04-20 06:47:00,Pass,vcu1
16A0065879,2024-04-20 06:49:00,Pass,vcu1
16A0065762,2024-04-20 06:51:00,Pass,vcu1
16A0065411,2024-04-20 06:52:00,Pass,vcu1
16A0065166,2024-04-20 06:54:00,Pass,vcu1
16A0065171,2024-04-20 06:55:00,Pass,vcu1
16A0065827,2024-04-20 06:57:00,Pass,vcu1
16A0065825,2024-04-20 06:58:00,Pass,vcu1
16A0065823,2024-04-20 07:00:00,Pass,vcu1
16A0065822,2024-04-20 07:02:00,Pass,vcu1
16A0065520,2024-04-20 07:03:00,Pass,vcu1
16A0065296,2024-04-20 07:05:00,Pass,vcu1
16A0065422,2024-04-20 07:06:00,Pass,vcu1
16A0065436,2024-04-20 07:10:00,Pass,vcu1
16A0065841,2024-04-20 07:14:00,Pass,vcu1
16A0065840,2024-04-20 07:16:00,Pass,vcu1
16A0065838,2024-04-20 07:18:00,Pass,vcu1
16A0065836,2024-04-20 07:19:00,Pass,vcu1
16A0065835,2024-04-20 07:21:00,Pass,vcu1
16A0065834,2024-04-20 07:22:00,Pass,vcu1
16A0065831,2024-04-20 07:24:00,Pass,vcu1
16A0065861,2024-04-20 07:25:00,Pass,vcu1
16A0065935,2024-04-20 07:27:00,Pass,vcu1
16A0065899,2024-04-20 07:29:00,Pass,vcu1
16A0065922,2024-04-20 07:39:00,Fail,vcu1
16A0065918,2024-04-20 07:43:00,Pass,vcu1
16A0065917,2024-04-20 07:44:00,Pass,vcu1
16A0065916,2024-04-20 07:46:00,Pass,vcu1
16A0065921,2024-04-20 07:47:00,Pass,vcu1
16A0065915,2024-04-20 07:50:00,Pass,vcu1
16A0065923,2024-04-20 07:51:00,Pass,vcu1
16A0065845,2024-04-20 07:53:00,Pass,vcu1
16A0065842,2024-04-20 07:56:00,Pass,vcu1
16A0065843,2024-04-20 07:57:00,Pass,vcu1
16A0065910,2024-04-20 07:59:00,Pass,vcu1
16A0065912,2024-04-20 08:00:00,Pass,vcu1
16A0065933,2024-04-20 08:04:00,Pass,vcu1
16A0065922,2024-04-20 07:39:00,Fail,vcu1
16A0065918,2024-04-20 07:43:00,Pass,vcu1
16A0065917,2024-04-20 07:44:00,Pass,vcu1
16A0065916,2024-04-20 07:46:00,Pass,vcu1
16A0065921,2024-04-20 07:47:00,Pass,vcu1
16A0065915,2024-04-20 07:50:00,Pass,vcu1
16A0065923,2024-04-20 07:51:00,Pass,vcu1
16A0065845,2024-04-20 07:53:00,Pass,vcu1
16A0065842,2024-04-20 07:56:00,Pass,vcu1
16A0065843,2024-04-20 07:57:00,Pass,vcu1
16A0065910,2024-04-20 07:59:00,Pass,vcu1
16A0065912,2024-04-20 08:00:00,Pass,vcu1
16A0065933,2024-04-20 08:04:00,Pass,vcu1
16A0065922,2024-04-20 07:39:00,Fail,vcu1
16A0065918,2024-04-20 07:43:00,Pass,vcu1
16A0065917,2024-04-20 07:44:00,Pass,vcu1
16A0065916,2024-04-20 07:46:00,Pass,vcu1
16A0065921,2024-04-20 07:47:00,Pass,vcu1
16A0065915,2024-04-20 07:50:00,Pass,vcu1
16A0065923,2024-04-20 07:51:00,Pass,vcu1
16A0065845,2024-04-20 07:53:00,Pass,vcu1
16A0065842,2024-04-20 07:56:00,Pass,vcu1
16A0065843,2024-04-20 07:57:00,Pass,vcu1
16A0065910,2024-04-20 07:59:00,Pass,vcu1
16A0065912,2024-04-20 08:00:00,Pass,vcu1
16A0065933,2024-04-20 08:04:00,Pass,vcu1
16A0065922,2024-04-20 07:39:00,Fail,vcu1
16A0065918,2024-04-20 07:43:00,Pass,vcu1
16A0065917,2024-04-20 07:44:00,Pass,vcu1
16A0065916,2024-04-20 07:46:00,Pass,vcu1
16A0065921,2024-04-20 07:47:00,Pass,vcu1
16A0065915,2024-04-20 07:50:00,Pass,vcu1
16A0065923,2024-04-20 07:51:00,Pass,vcu1
16A0065845,2024-04-20 07:53:00,Pass,vcu1
16A0065842,2024-04-20 07:56:00,Pass,vcu1
16A0065843,2024-04-20 07:57:00,Pass,vcu1
16A0065910,2024-04-20 07:59:00,Pass,vcu1
16A0065912,2024-04-20 08:00:00,Pass,vcu1
16A0065933,2024-04-20 08:04:00,Pass,vcu1
16A0065922,2024-04-20 07:39:00,Fail,vcu1
16A0065918,2024-04-20 07:43:00,Pass,vcu1
16A0065917,2024-04-20 07:44:00,Pass,vcu1
16A0065916,2024-04-20 07:46:00,Pass,vcu1
16A0065921,2024-04-20 07:47:00,Pass,vcu1
16A0065915,2024-04-20 07:50:00,Pass,vcu1
16A0065923,2024-04-20 07:51:00,Pass,vcu1
16A0065845,2024-04-20 07:53:00,Pass,vcu1
16A0065842,2024-04-20 07:56:00,Pass,vcu1
16A0065843,2024-04-20 07:57:00,Pass,vcu1
16A0065910,2024-04-20 07:59:00,Pass,vcu1
16A0065912,2024-04-20 08:00:00,Pass,vcu1
16A0065933,2024-04-20 08:04:00,Pass,vcu1
16A0065922,2024-04-20 07:39:00,Fail,vcu1
16A0065918,2024-04-20 07:43:00,Pass,vcu1
16A0065917,2024-04-20 07:44:00,Pass,vcu1
16A0065916,2024-04-20 07:46:00,Pass,vcu1
16A0065921,2024-04-20 07:47:00,Pass,vcu1
16A0065915,2024-04-20 07:50:00,Pass,vcu1
16A0065923,2024-04-20 07:51:00,Pass,vcu1
16A0065845,2024-04-20 07:53:00,Pass,vcu1
16A0065842,2024-04-20 07:56:00,Pass,vcu1
16A0065843,2024-04-20 07:57:00,Pass,vcu1
16A0065910,2024-04-20 07:59:00,Pass,vcu1
16A0065912,2024-04-20 08:00:00,Pass,vcu1
16A0065933,2024-04-20 08:04:00,Pass,vcu1
16A0065922,2024-04-20 07:39:00,Fail,vcu1
16A0065918,2024-04-20 07:43:00,Pass,vcu1
16A0065917,2024-04-20 07:44:00,Pass,vcu1
16A0065916,2024-04-20 07:46:00,Pass,vcu1
16A0065921,2024-04-20 07:47:00,Pass,vcu1
16A0065915,2024-04-20 07:50:00,Pass,vcu1
16A0065923,2024-04-20 07:51:00,Pass,vcu1
16A0065845,2024-04-20 07:53:00,Pass,vcu1
16A0065842,2024-04-20 07:56:00,Pass,vcu1
16A0065843,2024-04-20 07:57:00,Pass,vcu1
16A0065910,2024-04-20 07:59:00,Pass,vcu1
16A0065912,2024-04-20 08:00:00,Pass,vcu1
16A0065933,2024-04-20 08:04:00,Pass,vcu1
16A0065922,2024-04-20 07:39:00,Fail,vcu1
16A0065918,2024-04-20 07:43:00,Pass,vcu1
16A0065917,2024-04-20 07:44:00,Pass,vcu1
16A0065916,2024-04-20 07:46:00,Pass,vcu1
16A0065921,2024-04-20 07:47:00,Pass,vcu1
16A0065915,2024-04-20 07:50:00,Pass,vcu1
16A0065923,2024-04-20 07:51:00,Pass,vcu1
16A0065845,2024-04-20 07:53:00,Pass,vcu1
16A0065842,2024-04-20 07:56:00,Pass,vcu1
16A0065843,2024-04-20 07:57:00,Pass,vcu1
16A0065910,2024-04-20 07:59:00,Pass,vcu1
16A0065912,2024-04-20 08:00:00,Pass,vcu1
16A0065933,2024-04-20 08:04:00,Pass,vcu1
16A0065922,2024-04-20 07:39:00,Fail,vcu1
16A0065918,2024-04-20 07:43:00,Pass,vcu1
16A0065917,2024-04-20 07:44:00,Pass,vcu1
16A0065916,2024-04-20 07:46:00,Pass,vcu1
16A0065921,2024-04-20 07:47:00,Pass,vcu1
16A0065915,2024-04-20 07:50:00,Pass,vcu1
16A0065923,2024-04-20 07:51:00,Pass,vcu1
16A0065845,2024-04-20 07:53:00,Pass,vcu1
16A0065842,2024-04-20 07:56:00,Pass,vcu1
16A0065843,2024-04-20 07:57:00,Pass,vcu1
16A0065910,2024-04-20 07:59:00,Pass,vcu1
16A0065912,2024-04-20 08:00:00,Pass,vcu1
16A0065933,2024-04-20 08:04:00,Pass,vcu1
16A0065919,2024-04-20 08:05:00,Pass,vcu1
16A0065932,2024-04-20 08:07:00,Pass,vcu1
16A0065778,2024-04-20 08:08:00,Pass,vcu1
16A0065931,2024-04-20 08:10:00,Pass,vcu1
16A0065777,2024-04-20 08:11:00,Pass,vcu1
16A0065924,2024-04-20 08:13:00,Pass,vcu1
16A0065890,2024-04-20 08:15:00,Pass,vcu1
16A0065887,2024-04-20 08:16:00,Pass,vcu1
16A0065850,2024-04-20 08:18:00,Pass,vcu1
16A0065446,2024-04-20 08:19:00,Pass,vcu1
16A0065929,2024-04-20 08:21:00,Pass,vcu1
16A0065297,2024-04-20 08:22:00,Pass,vcu1
16A0065427,2024-04-20 08:24:00,Pass,vcu1
16A0065844,2024-04-20 08:27:00,Fail,vcu1
16A0065839,2024-04-20 08:28:00,Pass,vcu1
16A0065964,2024-04-20 08:30:00,Pass,vcu1
16A0065966,2024-04-20 08:32:00,Pass,vcu1
16A0048479,2024-04-20 08:33:00,Pass,vcu1
16A0062864,2024-04-20 08:35:00,Pass,vcu1
16A0065965,2024-04-20 08:36:00,Pass,vcu1
16A0065954,2024-04-20 08:38:00,Pass,vcu1
16A0065951,2024-04-20 08:39:00,Pass,vcu1
16A0065950,2024-04-20 08:41:00,Pass,vcu1
16A0065926,2024-04-20 08:43:00,Pass,vcu1
16A0065927,2024-04-20 08:44:00,Pass,vcu1
16A0065928,2024-04-20 08:46:00,Pass,vcu1
16A0064568,2024-04-20 08:51:00,Fail,vcu1
16A0065911,2024-04-20 08:55:00,Pass,vcu1
16A0065775,2024-04-20 08:57:00,Pass,vcu1
16A0065995,2024-04-20 08:58:00,Pass,vcu1
16A0065993,2024-04-20 09:00:00,Pass,vcu1
16A0064105,2024-04-20 09:01:00,Pass,vcu1
16A0064065,2024-04-20 09:03:00,Pass,vcu1
16A0064073,2024-04-20 09:05:00,Pass,vcu1
16A0065959,2024-04-20 09:06:00,Pass,vcu1
16A0065961,2024-04-20 09:08:00,Pass,vcu1
16A0064079,2024-04-20 09:09:00,Pass,vcu1
16A0064075,2024-04-20 09:11:00,Pass,vcu1
16A0066030,2024-04-20 09:12:00,Pass,vcu1
16A0066027,2024-04-20 09:14:00,Pass,vcu1
16A0064152,2024-04-20 09:16:00,Pass,vcu1
16A0065907,2024-04-20 09:17:00,Pass,vcu1
16A0065905,2024-04-20 09:19:00,Pass,vcu1
16A0065906,2024-04-20 09:20:00,Pass,vcu1
16A0064640,2024-04-20 09:22:00,Pass,vcu1
16A0065902,2024-04-20 09:23:00,Pass,vcu1
16A0064400,2024-04-20 09:26:00,Fail,vcu1
16A0064147,2024-04-20 09:30:00,Pass,vcu1
16A0065939,2024-04-20 09:45:00,Pass,vcu1
16A0064576,2024-04-20 09:47:00,Pass,vcu1
16A0065904,2024-04-20 09:49:00,Pass,vcu1
16A0065930,2024-04-20 10:00:00,Pass,vcu1
16A0062510,2024-04-20 10:02:00,Pass,vcu1
16A0065739,2024-04-20 10:03:00,Pass,vcu1
16A0066042,2024-04-20 10:16:00,Pass,vcu1
16A0066040,2024-04-20 10:18:00,Pass,vcu1
16A0066038,2024-04-20 10:19:00,Pass,vcu1
16A0066037,2024-04-20 10:21:00,Pass,vcu1
16A0066036,2024-04-20 10:23:00,Pass,vcu1
16A0066044,2024-04-20 10:24:00,Pass,vcu1
16A0065865,2024-04-20 10:26:00,Pass,vcu1
16A0065864,2024-04-20 10:27:00,Pass,vcu1
16A0066049,2024-04-20 10:29:00,Pass,vcu1
16A0065900,2024-04-20 10:30:00,Pass,vcu1
16A0066041,2024-04-20 10:32:00,Pass,vcu1
16A0066033,2024-04-20 10:34:00,Pass,vcu1
16A0066032,2024-04-20 10:35:00,Pass,vcu1
16A0066031,2024-04-20 10:43:00,Pass,vcu1
16A0065782,2024-04-20 10:44:00,Pass,vcu1
16A0065783,2024-04-20 10:46:00,Pass,vcu1
16A0066179,2024-04-20 12:28:00,Fail,vcu1
16A0066135,2024-04-20 13:24:00,Pass,vcu1
16A0066136,2024-04-20 13:26:00,Pass,vcu1
16A0064919,2024-04-20 17:02:00,(Pass),vcu1
16A0066124,2024-04-20 17:33:00,Pass,vcu1
16A0065634,2024-04-20 17:35:00,Pass,vcu1
16A0065638,2024-04-20 18:43:00,Pass,vcu1
16A0066035,2024-04-20 18:44:00,Pass,vcu1
16A0066003,2024-04-20 19:10:00,Pass,vcu1
16A0065635,2024-04-20 19:11:00,Pass,vcu1
16A0065787,2024-04-20 19:13:00,Pass,vcu1
16A0064893,2024-04-20 19:14:00,(Pass),vcu1
16A0066423,2024-04-20 19:16:00,Pass,vcu1
16A0065369,2024-04-20 19:27:00,(Pass),vcu1
16A0062782,2024-04-20 19:29:00,(Pass),vcu1
16A0062520,2024-04-20 19:30:00,(Pass),vcu1
16A0064552,2024-04-20 19:36:00,(Pass),vcu1
16A0044499,2024-04-20 19:44:00,(Pass),vcu1
9990008432,2024-04-20 19:45:00,Fail,vcu1
9990042175,2024-04-20 19:47:00,Pass,vcu1
9990007130,2024-04-20 19:49:00,Pass,vcu1
9990022091,2024-04-20 19:51:00,Fail,vcu1
9990023706,2024-04-20 19:53:00,Pass,vcu1
9990009811,2024-04-20 19:55:00,Pass,vcu1
16A0064554,2024-04-20 20:53:00,(Pass),vcu1
16A0062472,2024-04-20 21:15:00,(Pass),vcu1
16A0066095,2024-04-20 21:30:00,Pass,vcu1
16A0066094,2024-04-20 21:32:00,Pass,vcu1
16A0066093,2024-04-20 21:35:00,Pass,vcu1
16A0066092,2024-04-20 21:36:00,Pass,vcu1
16A0066097,2024-04-20 21:38:00,Pass,vcu1
16A0066090,2024-04-20 21:39:00,Pass,vcu1
16A0066091,2024-04-20 21:41:00,Pass,vcu1
16A0065779,2024-04-20 21:42:00,Pass,vcu1
16A0065946,2024-04-20 21:45:00,Fail,vcu1
16A0065971,2024-04-20 21:47:00,Pass,vcu1
16A0065780,2024-04-20 21:49:00,Pass,vcu1
16A0066316,2024-04-20 21:50:00,Pass,vcu1
16A0065997,2024-04-20 21:52:00,Pass,vcu1
16A0066000,2024-04-20 21:53:00,Pass,vcu1
16A0066099,2024-04-20 21:55:00,Pass,vcu1
16A0065998,2024-04-20 21:56:00,Pass,vcu1
16A0066319,2024-04-20 21:58:00,Pass,vcu1
16A0066318,2024-04-20 22:04:00,Pass,vcu1
16A0066330,2024-04-20 22:14:00,Pass,vcu1
16A0066429,2024-04-20 22:15:00,Pass,vcu1
16A0066432,2024-04-20 22:17:00,Pass,vcu1
16A0066435,2024-04-20 22:20:00,Fail,vcu1
16A0066436,2024-04-20 22:21:00,Pass,vcu1
16A0066321,2024-04-20 22:23:00,Pass,vcu1
16A0066441,2024-04-20 22:25:00,Pass,vcu1
16A0065810,2024-04-20 22:26:00,Pass,vcu1
16A0065811,2024-04-20 22:28:00,Pass,vcu1
16A0065771,2024-04-20 22:30:00,Fail,vcu1
16A0066332,2024-04-20 22:32:00,Pass,vcu1
16A0066417,2024-04-20 22:34:00,Pass,vcu1
16A0066339,2024-04-20 22:36:00,Pass,vcu1
16A0066419,2024-04-20 22:38:00,Fail,vcu1
16A0066337,2024-04-20 22:40:00,Pass,vcu1
16A0065774,2024-04-20 22:42:00,Pass,vcu1
16A0066334,2024-04-20 22:43:00,Pass,vcu1
16A0066322,2024-04-20 22:45:00,Pass,vcu1
16A0066167,2024-04-20 22:46:00,Pass,vcu1
16A0066409,2024-04-20 22:48:00,Pass,vcu1
16A0066100,2024-04-20 22:49:00,Pass,vcu1
16A0066410,2024-04-20 22:51:00,Pass,vcu1
16A0066414,2024-04-20 22:53:00,Pass,vcu1
16A0066428,2024-04-20 22:54:00,Pass,vcu1
16A0066172,2024-04-20 22:56:00,Pass,vcu1
16A0066176,2024-04-20 22:57:00,Pass,vcu1
16A0066139,2024-04-20 22:59:00,Pass,vcu1
16A0066143,2024-04-20 23:00:00,Pass,vcu1
16A0066145,2024-04-20 23:03:00,Fail,vcu1
16A0066159,2024-04-20 23:05:00,Pass,vcu1
16A0066156,2024-04-20 23:07:00,Fail,vcu1
16A0066161,2024-04-20 23:10:00,Pass,vcu1
16A0066146,2024-04-20 23:12:00,Pass,vcu1
16A0066134,2024-04-20 23:13:00,Pass,vcu1
16A0066152,2024-04-20 23:15:00,Pass,vcu1
16A0066155,2024-04-20 23:16:00,Pass,vcu1
16A0066132,2024-04-20 23:18:00,Pass,vcu1
16A0066158,2024-04-20 23:20:00,Pass,vcu1
16A0066054,2024-04-20 23:21:00,Pass,vcu1
16A0066165,2024-04-20 23:23:00,Pass,vcu1
16A0066168,2024-04-20 23:24:00,Pass,vcu1
16A0066327,2024-04-20 23:26:00,Pass,vcu1
16A0066170,2024-04-20 23:27:00,Pass,vcu1
16A0066163,2024-04-20 23:29:00,Pass,vcu1
16A0066147,2024-04-20 23:31:00,Pass,vcu1
16A0065812,2024-04-20 23:32:00,Pass,vcu1
16A0066001,2024-04-20 23:35:00,Fail,vcu1
16A0066408,2024-04-20 23:37:00,Pass,vcu1
16A0066325,2024-04-20 23:39:00,Pass,vcu1
16A0066324,2024-04-20 23:40:00,Pass,vcu1
16A0065476,2024-04-20 23:42:00,Pass,vcu1
16A0066087,2024-04-20 23:44:00,Pass,vcu1
16A0065549,2024-04-20 23:45:00,Pass,vcu1
16A0065996,2024-04-20 23:47:00,Pass,vcu1
16A0066142,2024-04-20 23:48:00,Pass,vcu1
16A0066256,2024-04-20 23:50:00,Pass,vcu1
16A0065547,2024-04-20 23:51:00,Pass,vcu1
16A0065637,2024-04-20 23:53:00,Pass,vcu1
16A0065639,2024-04-20 23:55:00,Pass,vcu1
16A0066023,2024-04-20 23:56:00,Pass,vcu1
16A0065553,2024-04-20 23:58:00,Pass,vcu1
16A0065548,2024-04-20 23:59:00,Pass,vcu1
16A0065421,2024-04-21 00:01:00,Pass,vcu1
16A0065552,2024-04-21 00:02:00,Pass,vcu1
16A0065567,2024-04-21 00:04:00,Pass,vcu1
16A0066388,2024-04-21 00:06:00,Pass,vcu1
16A0065572,2024-04-21 00:07:00,Pass,vcu1
16A0065556,2024-04-21 00:09:00,Pass,vcu1
16A0066022,2024-04-21 00:10:00,Pass,vcu1
16A0065869,2024-04-21 00:12:00,Pass,vcu1
16A0065876,2024-04-21 00:13:00,Pass,vcu1
16A0065991,2024-04-21 00:15:00,Pass,vcu1
16A0065608,2024-04-21 00:17:00,Pass,vcu1
16A0065561,2024-04-21 00:18:00,Pass,vcu1
16A0065555,2024-04-21 00:20:00,Pass,vcu1
16A0065942,2024-04-21 00:21:00,Pass,vcu1
16A0066007,2024-04-21 00:23:00,Pass,vcu1
16A0065564,2024-04-21 00:25:00,Pass,vcu1
16A0065877,2024-04-21 00:26:00,Pass,vcu1
16A0065872,2024-04-21 00:28:00,Pass,vcu1
16A0065873,2024-04-21 00:29:00,Pass,vcu1
16A0051233,2024-04-21 00:31:00,Pass,vcu1
16A0065874,2024-04-21 00:33:00,Pass,vcu1
16A0066016,2024-04-21 00:35:00,Pass,vcu1
16A0065983,2024-04-21 00:37:00,Pass,vcu1
16A0065980,2024-04-21 00:38:00,Pass,vcu1
16A0065981,2024-04-21 00:40:00,Pass,vcu1
16A0065976,2024-04-21 00:41:00,Pass,vcu1
16A0065975,2024-04-21 00:43:00,Pass,vcu1
16A0066392,2024-04-21 00:44:00,Pass,vcu1
16A0065972,2024-04-21 00:46:00,Pass,vcu1
16A0066439,2024-04-21 00:48:00,Pass,vcu1
16A0066391,2024-04-21 00:50:00,Fail,vcu1
16A0065989,2024-04-21 00:53:00,Pass,vcu1
16A0065987,2024-04-21 00:54:00,Pass,vcu1
16A0065938,2024-04-21 00:56:00,Pass,vcu1
16A0065937,2024-04-21 00:58:00,Pass,vcu1
16A0065985,2024-04-21 00:59:00,Pass,vcu1
16A0066389,2024-04-21 01:01:00,Pass,vcu1
16A0065941,2024-04-21 01:02:00,Pass,vcu1
16A0065969,2024-04-21 01:04:00,Pass,vcu1
16A0066309,2024-04-21 01:05:00,Pass,vcu1
16A0066383,2024-04-21 01:07:00,Fail,vcu1
16A0066381,2024-04-21 01:11:00,Pass,vcu1
16A0066380,2024-04-21 01:12:00,Pass,vcu1
16A0066378,2024-04-21 01:14:00,Pass,vcu1
16A0066375,2024-04-21 01:15:00,Pass,vcu1
16A0066431,2024-04-21 01:17:00,Pass,vcu1
16A0066438,2024-04-21 01:19:00,Pass,vcu1
16A0066437,2024-04-21 01:20:00,Pass,vcu1
16A0066368,2024-04-21 01:22:00,Pass,vcu1
16A0066363,2024-04-21 01:25:00,Pass,vcu1
16A0066371,2024-04-21 01:27:00,Pass,vcu1
16A0066359,2024-04-21 01:29:00,Pass,vcu1
16A0066362,2024-04-21 01:30:00,Pass,vcu1
16A0066357,2024-04-21 01:32:00,Pass,vcu1
16A0066355,2024-04-21 01:33:00,Pass,vcu1
16A0066353,2024-04-21 01:35:00,Pass,vcu1
16A0066351,2024-04-21 01:36:00,Pass,vcu1
16A0062700,2024-04-21 01:38:00,Pass,vcu1
16A0062696,2024-04-21 01:40:00,Pass,vcu1
16A0062704,2024-04-21 01:41:00,Pass,vcu1
16A0062710,2024-04-21 01:43:00,Pass,vcu1
16A0062714,2024-04-21 01:44:00,Pass,vcu1
16A0066471,2024-04-21 01:46:00,Pass,vcu1
16A0062633,2024-04-21 01:47:00,Pass,vcu1
16A0066372,2024-04-21 01:49:00,Pass,vcu1
16A0066447,2024-04-21 01:51:00,Pass,vcu1
16A0065984,2024-04-21 01:52:00,Pass,vcu1
16A0066448,2024-04-21 01:54:00,Pass,vcu1
16A0065871,2024-04-21 01:55:00,Pass,vcu1
16A0066390,2024-04-21 01:57:00,Pass,vcu1
16A0066468,2024-04-21 01:59:00,Pass,vcu1
16A0066387,2024-04-21 02:00:00,Pass,vcu1
16A0062709,2024-04-21 02:02:00,Pass,vcu1
16A0062684,2024-04-21 02:03:00,Pass,vcu1
16A0062686,2024-04-21 02:05:00,Pass,vcu1
16A0065936,2024-04-21 02:06:00,Pass,vcu1
16A0066020,2024-04-21 02:08:00,Pass,vcu1
16A0066014,2024-04-21 02:10:00,Pass,vcu1
16A0066017,2024-04-21 02:11:00,Pass,vcu1
16A0065571,2024-04-21 02:13:00,Pass,vcu1
16A0066398,2024-04-21 02:15:00,Pass,vcu1
16A0066403,2024-04-21 02:18:00,Fail,vcu1
16A0066404,2024-04-21 02:20:00,Pass,vcu1
16A0066405,2024-04-21 02:22:00,Pass,vcu1
16A0066393,2024-04-21 02:24:00,Fail,vcu1
16A0066399,2024-04-21 02:29:00,Pass,vcu1
16A0066397,2024-04-21 02:31:00,Pass,vcu1
16A0066393,2024-04-21 02:32:00,Fail,vcu1
16A0066425,2024-04-21 02:35:00,Pass,vcu1
16A0066395,2024-04-21 02:37:00,Pass,vcu1
16A0062626,2024-04-21 02:38:00,Pass,vcu1
16A0065551,2024-04-21 02:40:00,Pass,vcu1
16A0066453,2024-04-21 02:41:00,Pass,vcu1
16A0062623,2024-04-21 02:43:00,Pass,vcu1
16A0066443,2024-04-21 02:44:00,Pass,vcu1
16A0066444,2024-04-21 02:46:00,Pass,vcu1
16A0066466,2024-04-21 02:47:00,Pass,vcu1
16A0066010,2024-04-21 02:51:00,Pass,vcu1
16A0066454,2024-04-21 02:52:00,Pass,vcu1
16A0066445,2024-04-21 02:54:00,Pass,vcu1
16A0065541,2024-04-21 02:55:00,Pass,vcu1
16A0066311,2024-04-21 02:57:00,Pass,vcu1
16A0066350,2024-04-21 02:58:00,Pass,vcu1
16A0065613,2024-04-21 03:04:00,Pass,vcu1
16A0066463,2024-04-21 03:05:00,Pass,vcu1
16A0066461,2024-04-21 03:07:00,Pass,vcu1
16A0066459,2024-04-21 03:08:00,Pass,vcu1
16A0066457,2024-04-21 03:10:00,Pass,vcu1
16A0066450,2024-04-21 03:11:00,Pass,vcu1
16A0066449,2024-04-21 03:13:00,Pass,vcu1
16A0066455,2024-04-21 03:14:00,Pass,vcu1
16A0066557,2024-04-21 03:17:00,Pass,vcu1
16A0066555,2024-04-21 03:18:00,Pass,vcu1
16A0066452,2024-04-21 03:20:00,Pass,vcu1
16A0066554,2024-04-21 03:21:00,Pass,vcu1
16A0066560,2024-04-21 03:24:00,Pass,vcu1
16A0066553,2024-04-21 03:25:00,Pass,vcu1
16A0066559,2024-04-21 03:27:00,Pass,vcu1
16A0062628,2024-04-21 03:28:00,Pass,vcu1
16A0062630,2024-04-21 03:30:00,Pass,vcu1
16A0062632,2024-04-21 03:31:00,Pass,vcu1
16A0062689,2024-04-21 03:33:00,Pass,vcu1
16A0066460,2024-04-21 03:34:00,Pass,vcu1
16A0066573,2024-04-21 03:37:00,Pass,vcu1
16A0066572,2024-04-21 03:38:00,Pass,vcu1
16A0065808,2024-04-21 03:40:00,Pass,vcu1
16A0066474,2024-04-21 03:41:00,Pass,vcu1
16A0066571,2024-04-21 03:43:00,Pass,vcu1
16A0066570,2024-04-21 03:45:00,Pass,vcu1
16A0066567,2024-04-21 03:47:00,Pass,vcu1
16A0066568,2024-04-21 03:49:00,Pass,vcu1
16A0066565,2024-04-21 03:50:00,Pass,vcu1
16A0066563,2024-04-21 03:52:00,Pass,vcu1
16A0066562,2024-04-21 03:53:00,Pass,vcu1
16A0066515,2024-04-21 03:56:00,Pass,vcu1
16A0066465,2024-04-21 03:57:00,Pass,vcu1
16A0066556,2024-04-21 03:59:00,Pass,vcu1
16A0066507,2024-04-21 04:00:00,Pass,vcu1
16A0066356,2024-04-21 04:02:00,Pass,vcu1
16A0066512,2024-04-21 04:03:00,Pass,vcu1
16A0066501,2024-04-21 04:05:00,Pass,vcu1
16A0066480,2024-04-21 04:07:00,Pass,vcu1
16A0066312,2024-04-21 04:09:00,Pass,vcu1
16A0066477,2024-04-21 04:10:00,Pass,vcu1
16A0066476,2024-04-21 04:12:00,Pass,vcu1
16A0066522,2024-04-21 04:13:00,Pass,vcu1
16A0066520,2024-04-21 04:15:00,Pass,vcu1
16A0066518,2024-04-21 04:16:00,Pass,vcu1
16A0066516,2024-04-21 04:18:00,Pass,vcu1
16A0066521,2024-04-21 04:19:00,Pass,vcu1
16A0066530,2024-04-21 04:21:00,Pass,vcu1
16A0066497,2024-04-21 04:22:00,Pass,vcu1
16A0066493,2024-04-21 04:24:00,Pass,vcu1
16A0066491,2024-04-21 04:25:00,Pass,vcu1
16A0066488,2024-04-21 04:27:00,Pass,vcu1
16A0066486,2024-04-21 04:28:00,Pass,vcu1
16A0066484,2024-04-21 04:30:00,Pass,vcu1
16A0066483,2024-04-21 04:31:00,Pass,vcu1
16A0066495,2024-04-21 04:33:00,Pass,vcu1
16A0066541,2024-04-21 04:34:00,Pass,vcu1
16A0066540,2024-04-21 04:36:00,Pass,vcu1
16A0066536,2024-04-21 04:37:00,Pass,vcu1
16A0066534,2024-04-21 04:39:00,Pass,vcu1
16A0066531,2024-04-21 04:40:00,Pass,vcu1
16A0066528,2024-04-21 04:42:00,Pass,vcu1
16A0066533,2024-04-21 04:43:00,Pass,vcu1
16A0066538,2024-04-21 04:45:00,Pass,vcu1
16A0066498,2024-04-21 04:46:00,Pass,vcu1
16A0066601,2024-04-21 04:48:00,Pass,vcu1
16A0066550,2024-04-21 04:49:00,Pass,vcu1
16A0066598,2024-04-21 04:51:00,Pass,vcu1
16A0066551,2024-04-21 04:52:00,Pass,vcu1
16A0066596,2024-04-21 04:54:00,Pass,vcu1
16A0066549,2024-04-21 04:55:00,Pass,vcu1
16A0066546,2024-04-21 04:57:00,Pass,vcu1
16A0066545,2024-04-21 04:58:00,Pass,vcu1
16A0066600,2024-04-21 05:00:00,Pass,vcu1
16A0066505,2024-04-21 05:02:00,Fail,vcu1
16A0066547,2024-04-21 05:05:00,Fail,vcu1
16A0066547,2024-04-21 05:08:00,Fail,vcu1
16A0066615,2024-04-21 05:11:00,Pass,vcu1
16A0066674,2024-04-21 05:13:00,Pass,vcu1
16A0066613,2024-04-21 05:14:00,Pass,vcu1
16A0066616,2024-04-21 05:16:00,Pass,vcu1
16A0065806,2024-04-21 05:17:00,Pass,vcu1
16A0066611,2024-04-21 05:19:00,Pass,vcu1
16A0066608,2024-04-21 05:20:00,Pass,vcu1
16A0066638,2024-04-21 05:22:00,Pass,vcu1
16A0066605,2024-04-21 05:23:00,Pass,vcu1
16A0066606,2024-04-21 05:25:00,Pass,vcu1
16A0066603,2024-04-21 05:27:00,Pass,vcu1
16A0066622,2024-04-21 05:40:00,Pass,vcu1
16A0066621,2024-04-21 05:41:00,Pass,vcu1
16A0066505,2024-04-21 05:42:00,Fail,vcu1
16A0066617,2024-04-21 05:44:00,Pass,vcu1
16A0066619,2024-04-21 05:48:00,Pass,vcu1
16A0066620,2024-04-21 05:49:00,Pass,vcu1
16A0066675,2024-04-21 05:52:00,Fail,vcu1
16A0065513,2024-04-21 06:33:00,Fail,vcu1
16A0066383,2024-04-21 06:38:00,(Pass),vcu1
16A0066526,2024-04-21 06:44:00,Pass,vcu1
16A0065922,2024-04-21 06:45:00,(Pass),vcu1
16A0066640,2024-04-21 06:47:00,Pass,vcu1
16A0066630,2024-04-21 06:48:00,Pass,vcu1
9990008432,2024-04-21 06:49:00,(Pass),vcu1
16A0066639,2024-04-21 06:50:00,Pass,vcu1
9990022091,2024-04-21 06:51:00,(Pass),vcu1
16A0066635,2024-04-21 06:51:00,Pass,vcu1
16A0066633,2024-04-21 06:53:00,Pass,vcu1
16A0066631,2024-04-21 06:54:00,Pass,vcu1
16A0065151,2024-04-21 06:56:00,Pass,vcu1
16A0066627,2024-04-21 06:57:00,Pass,vcu1
16A0066625,2024-04-21 06:59:00,Pass,vcu1
16A0066676,2024-04-21 07:03:00,Fail,vcu1
16A0062703,2024-04-21 07:05:00,Pass,vcu1
16A0062708,2024-04-21 07:07:00,Pass,vcu1
16A0066787,2024-04-21 07:08:00,Pass,vcu1
16A0062622,2024-04-21 07:10:00,Pass,vcu1
16A0062699,2024-04-21 07:11:00,Pass,vcu1
16A0062695,2024-04-21 07:13:00,Pass,vcu1
16A0062693,2024-04-21 07:14:00,Pass,vcu1
16A0066700,2024-04-21 07:20:00,Pass,vcu1
16A0066678,2024-04-21 07:21:00,Pass,vcu1
16A0066688,2024-04-21 07:23:00,Pass,vcu1
16A0066685,2024-04-21 07:24:00,Pass,vcu1
16A0066703,2024-04-21 07:26:00,Pass,vcu1
16A0066684,2024-04-21 07:27:00,Pass,vcu1
16A0066683,2024-04-21 07:29:00,Pass,vcu1
16A0066716,2024-04-21 07:31:00,Pass,vcu1
16A0064223,2024-04-21 07:33:00,(Pass),vcu1
16A0066644,2024-04-21 07:33:00,Pass,vcu1
16A0055928,2024-04-21 07:34:00,(Pass),vcu1
16A0060713,2024-04-21 07:34:00,(Pass),vcu1
16A0062155,2024-04-21 07:34:00,(Pass),vcu1
16A0066710,2024-04-21 07:34:00,Pass,vcu1
16A0066711,2024-04-21 07:36:00,Pass,vcu1
16A0066709,2024-04-21 07:38:00,Fail,vcu1
16A0066712,2024-04-21 07:40:00,Pass,vcu1
16A0066706,2024-04-21 07:44:00,Pass,vcu1
16A0066661,2024-04-21 07:45:00,Pass,vcu1
16A0066692,2024-04-21 07:47:00,Pass,vcu1
16A0066659,2024-04-21 07:48:00,Pass,vcu1
16A0066658,2024-04-21 07:50:00,Pass,vcu1
16A0066653,2024-04-21 07:51:00,Pass,vcu1
16A0066655,2024-04-21 07:54:00,Pass,vcu1
16A0066654,2024-04-21 07:55:00,Pass,vcu1
16A0066591,2024-04-21 07:57:00,Pass,vcu1
16A0066650,2024-04-21 07:58:00,Pass,vcu1
16A0064554,2024-04-21 08:00:00,Pass,vcu1
9990037925,2024-04-21 08:02:00,Fail,vcu1
16A0064893,2024-04-21 08:04:00,Pass,vcu1
16A0064544,2024-04-21 08:06:00,Pass,vcu1
16A0065369,2024-04-21 08:08:00,Pass,vcu1
16A0062782,2024-04-21 08:10:00,Pass,vcu1
16A0064600,2024-04-21 08:11:00,Pass,vcu1
16A0062520,2024-04-21 08:13:00,Pass,vcu1
16A0065447,2024-04-21 08:14:00,Pass,vcu1
16A0048785,2024-04-21 08:16:00,Fail,vcu1
16A0064938,2024-04-21 08:18:00,Pass,vcu1
16A0062548,2024-04-21 08:19:00,Pass,vcu1
16A0062544,2024-04-21 08:21:00,Pass,vcu1
9990041166,2024-04-21 08:23:00,Fail,vcu1
16A0064722,2024-04-21 08:25:00,Pass,vcu1
16A0064585,2024-04-21 08:27:00,Pass,vcu1
16A0062472,2024-04-21 08:29:00,Pass,vcu1
16A0047328,2024-04-21 08:30:00,Pass,vcu1
16A0064223,2024-04-21 08:32:00,Pass,vcu1
16A0064780,2024-04-21 08:33:00,Pass,vcu1
16A0066699,2024-04-21 08:42:00,Pass,vcu1
16A0066689,2024-04-21 08:44:00,Pass,vcu1
16A0066665,2024-04-21 08:45:00,Pass,vcu1
16A0066695,2024-04-21 08:47:00,Pass,vcu1
16A0066708,2024-04-21 08:48:00,Pass,vcu1
16A0062713,2024-04-21 08:50:00,Pass,vcu1
16A0062707,2024-04-21 08:51:00,Pass,vcu1
16A0066672,2024-04-21 08:53:00,Pass,vcu1
16A0066671,2024-04-21 08:54:00,Pass,vcu1
16A0066669,2024-04-21 08:56:00,Pass,vcu1
16A0066664,2024-04-21 08:57:00,Pass,vcu1
16A0066691,2024-04-21 09:00:00,Fail,vcu1
16A0066766,2024-04-21 09:02:00,Pass,vcu1
16A0066838,2024-04-21 09:04:00,Pass,vcu1
16A0066839,2024-04-21 09:05:00,Pass,vcu1
16A0066814,2024-04-21 09:07:00,Pass,vcu1
16A0066588,2024-04-21 09:08:00,Pass,vcu1
16A0066740,2024-04-21 09:10:00,Pass,vcu1
16A0066739,2024-04-21 09:11:00,Pass,vcu1
16A0066737,2024-04-21 09:13:00,Pass,vcu1
16A0066736,2024-04-21 09:14:00,Pass,vcu1
16A0066733,2024-04-21 09:16:00,Pass,vcu1
16A0066731,2024-04-21 09:17:00,Pass,vcu1
16A0066729,2024-04-21 09:19:00,Pass,vcu1
16A0066815,2024-04-21 09:20:00,Pass,vcu1
16A0066726,2024-04-21 09:22:00,Pass,vcu1
16A0066587,2024-04-21 09:23:00,Pass,vcu1
16A0066647,2024-04-21 09:25:00,Pass,vcu1
16A0066680,2024-04-21 09:26:00,Pass,vcu1
16A0066841,2024-04-21 09:28:00,Pass,vcu1
16A0066677,2024-04-21 09:29:00,Pass,vcu1
16A0066705,2024-04-21 09:31:00,Pass,vcu1
16A0066648,2024-04-21 09:32:00,Pass,vcu1
16A0066656,2024-04-21 09:34:00,Pass,vcu1
16A0066764,2024-04-21 09:35:00,Pass,vcu1
16A0065949,2024-04-21 09:37:00,Pass,vcu1
16A0066765,2024-04-21 09:38:00,Pass,vcu1
16A0066642,2024-04-21 09:40:00,Pass,vcu1
16A0066767,2024-04-21 09:41:00,Pass,vcu1
16A0066649,2024-04-21 09:43:00,Pass,vcu1
16A0066759,2024-04-21 09:45:00,Pass,vcu1
16A0066844,2024-04-21 09:47:00,Pass,vcu1
16A0066846,2024-04-21 09:48:00,Pass,vcu1
16A0066756,2024-04-21 09:50:00,Pass,vcu1
16A0066754,2024-04-21 09:51:00,Pass,ofm
16A0066753,2024-04-21 09:53:00,Pass,ofm
16A0066848,2024-04-21 09:54:00,Pass,ofm
16A0066751,2024-04-21 09:56:00,Pass,ofm
16A0066750,2024-04-21 09:57:00,Pass,ofm
16A0066747,2024-04-21 09:59:00,Pass,ofm
16A0066586,2024-04-21 10:04:00,Pass,ofm
16A0066585,2024-04-21 10:05:00,Pass,ofm
16A0066584,2024-04-21 10:07:00,Pass,ofm
16A0066581,2024-04-21 10:12:00,Pass,ofm
16A0066579,2024-04-21 10:13:00,Pass,ofm
16A0066577,2024-04-21 10:15:00,Pass,ofm
16A0066580,2024-04-21 10:16:00,Pass,ofm
16A0066827,2024-04-21 10:20:00,Pass,ofm
16A0066575,2024-04-21 10:22:00,Pass,ofm
16A0066780,2024-04-21 10:23:00,Pass,ofm
16A0066896,2024-04-21 10:25:00,Pass,ofm
16A0066898,2024-04-21 10:27:00,Pass,ofm
16A0066830,2024-04-21 10:29:00,Pass,ofm
16A0066834,2024-04-21 10:30:00,Pass,ofm
16A0066779,2024-04-21 10:31:00,Pass,ofm
16A0066828,2024-04-21 10:36:00,Pass,ofm
16A0066833,2024-04-21 10:39:00,Pass,ofm
16A0066819,2024-04-21 10:40:00,Pass,ofm
16A0066702,2024-04-21 10:42:00,Pass,ofm
16A0066775,2024-04-21 10:43:00,Pass,ofm
16A0066783,2024-04-21 10:45:00,Pass,ofm
16A0066789,2024-04-21 10:46:00,Pass,ofm
16A0066853,2024-04-21 10:48:00,Pass,ofm
16A0066852,2024-04-21 10:49:00,Pass,ofm
16A0066940,2024-04-21 10:51:00,Pass,ofm
16A0066749,2024-04-21 10:52:00,Pass,ofm
16A0066774,2024-04-21 10:53:00,Pass,ofm
16A0066820,2024-04-21 10:55:00,Pass,ofm
16A0066782,2024-04-21 10:56:00,Pass,ofm
16A0066784,2024-04-21 10:58:00,Pass,ofm
16A0066825,2024-04-21 10:59:00,Pass,ofm
16A0066802,2024-04-21 11:01:00,Pass,ofm
16A0066799,2024-04-21 11:02:00,Pass,ofm
16A0066707,2024-04-21 11:04:00,Pass,ofm
16A0066854,2024-04-21 11:06:00,Pass,ofm
16A0066806,2024-04-21 11:07:00,Pass,ofm
16A0066646,2024-04-21 11:09:00,Pass,ofm
16A0066743,2024-04-21 11:10:00,Pass,ofm
16A0066808,2024-04-21 11:12:00,Pass,ofm
16A0066809,2024-04-21 11:13:00,Pass,ofm
16A0066871,2024-04-21 11:15:00,Pass,ofm
16A0066798,2024-04-21 11:16:00,Pass,ofm
16A0066877,2024-04-21 11:18:00,Pass,ofm
16A0066873,2024-04-21 11:19:00,Pass,ofm
16A0066804,2024-04-21 11:21:00,Pass,ofm
16A0066885,2024-04-21 11:22:00,Pass,ofm
16A0066851,2024-04-21 11:24:00,Pass,ofm
16A0066862,2024-04-21 11:25:00,Pass,ofm
16A0066908,2024-04-21 11:27:00,Pass,ofm
16A0066864,2024-04-21 11:28:00,Pass,ofm
16A0066867,2024-04-21 11:30:00,Pass,ofm
16A0066811,2024-04-21 11:31:00,Pass,ofm
16A0066801,2024-04-21 11:33:00,Pass,ofm
16A0066925,2024-04-21 11:35:00,Fail,ofm
16A0066921,2024-04-21 11:37:00,Pass,ofm
16A0066878,2024-04-21 11:38:00,Pass,ofm
16A0066937,2024-04-21 11:40:00,Pass,ofm
16A0066505,2024-04-21 11:40:00,(Pass),ofm
16A0066904,2024-04-21 11:41:00,Pass,ofm
16A0066884,2024-04-21 11:43:00,Pass,ofm
16A0066805,2024-04-21 11:44:00,Pass,ofm
16A0066891,2024-04-21 11:46:00,Pass,ofm
16A0066892,2024-04-21 11:47:00,Pass,ofm
16A0066893,2024-04-21 11:49:00,Pass,ofm
16A0066899,2024-04-21 11:53:00,Pass,ofm
16A0066927,2024-04-21 11:54:00,Pass,ofm
16A0066903,2024-04-21 11:56:00,Pass,ofm
16A0066888,2024-04-21 11:57:00,Pass,ofm
16A0066855,2024-04-21 11:59:00,Pass,ofm
16A0048785,2024-04-21 11:59:00,(Pass),ofm
16A0066829,2024-04-21 12:00:00,Pass,ofm
16A0066879,2024-04-21 12:02:00,Pass,ofm
16A0066857,2024-04-21 12:03:00,Pass,ofm
16A0066956,2024-04-21 12:05:00,Pass,ofm
16A0066868,2024-04-21 12:06:00,Pass,ofm
16A0066922,2024-04-21 12:08:00,Pass,ofm
16A0066911,2024-04-21 12:09:00,Pass,ofm
16A0066939,2024-04-21 12:11:00,Pass,ofm
16A0066944,2024-04-21 12:12:00,Pass,ofm
16A0066943,2024-04-21 12:14:00,Pass,ofm
16A0066942,2024-04-21 12:15:00,Pass,ofm
16A0066953,2024-04-21 12:17:00,Pass,ofm
16A0066947,2024-04-21 12:18:00,Pass,ofm
16A0066954,2024-04-21 12:20:00,Pass,ofm
16A0066967,2024-04-21 12:21:00,Pass,ofm
16A0066970,2024-04-21 12:23:00,Pass,ofm
16A0067007,2024-04-21 12:24:00,Pass,ofm
16A0067008,2024-04-21 12:26:00,Pass,ofm
16A0067016,2024-04-21 12:27:00,Pass,ofm
16A0066930,2024-04-21 12:29:00,Pass,ofm
16A0066914,2024-04-21 12:30:00,Pass,ofm
16A0066181,2024-04-21 12:32:00,Pass,ofm
16A0066183,2024-04-21 12:33:00,Pass,ofm
16A0066198,2024-04-21 12:34:00,Pass,ofm
16A0066107,2024-04-21 12:36:00,Pass,ofm
16A0066102,2024-04-21 12:37:00,Pass,ofm
16A0066185,2024-04-21 12:39:00,Pass,ofm
16A0067021,2024-04-21 12:40:00,Pass,ofm
16A0066118,2024-04-21 12:42:00,Pass,ofm
16A0066826,2024-04-21 12:43:00,Pass,ofm
16A0066821,2024-04-21 12:45:00,Pass,ofm
16A0066817,2024-04-21 12:46:00,Pass,ofm
16A0066803,2024-04-21 12:48:00,Pass,ofm
16A0066818,2024-04-21 12:49:00,Pass,ofm
16A0066907,2024-04-21 12:51:00,Pass,ofm
16A0066906,2024-04-21 12:53:00,Pass,ofm
16A0066866,2024-04-21 12:54:00,Pass,ofm
16A0066831,2024-04-21 12:56:00,Pass,ofm
16A0066823,2024-04-21 12:57:00,Pass,ofm
16A0066897,2024-04-21 12:59:00,Pass,ofm
16A0066816,2024-04-21 13:00:00,Pass,ofm
16A0066895,2024-04-21 13:02:00,Pass,ofm
16A0066837,2024-04-21 13:03:00,Pass,ofm
16A0066719,2024-04-21 13:05:00,Pass,ofm
16A0066643,2024-04-21 13:06:00,Pass,ofm
16A0066721,2024-04-21 13:08:00,Pass,ofm
16A0066724,2024-04-21 13:09:00,Pass,ofm
16A0066792,2024-04-21 13:11:00,Pass,ofm
16A0066790,2024-04-21 13:12:00,Pass,ofm
16A0066763,2024-04-21 13:14:00,Pass,ofm
16A0066757,2024-04-21 13:15:00,Pass,ofm
16A0066965,2024-04-21 13:17:00,Pass,ofm
16A0066963,2024-04-21 13:18:00,Pass,ofm
16A0066962,2024-04-21 13:20:00,Pass,ofm
16A0066960,2024-04-21 13:21:00,Pass,ofm
16A0066204,2024-04-21 13:23:00,Pass,ofm
16A0066210,2024-04-21 13:24:00,Pass,ofm
16A0066209,2024-04-21 13:26:00,Pass,ofm
16A0067019,2024-04-21 13:27:00,Pass,ofm
16A0066106,2024-04-21 13:29:00,Pass,ofm
16A0066103,2024-04-21 13:30:00,Pass,ofm
16A0066961,2024-04-21 13:32:00,Pass,ofm
16A0067000,2024-04-21 13:33:00,Pass,ofm
16A0065795,2024-04-21 13:35:00,Pass,ofm
16A0066110,2024-04-21 13:36:00,Pass,ofm
16A0066112,2024-04-21 13:39:00,Pass,ofm
16A0066114,2024-04-21 13:40:00,Pass,ofm
16A0066184,2024-04-21 13:42:00,Pass,ofm
16A0066192,2024-04-21 13:43:00,Pass,ofm
16A0066194,2024-04-21 13:45:00,Pass,ofm
16A0066203,2024-04-21 13:46:00,Pass,ofm
16A0066208,2024-04-21 13:48:00,Pass,ofm
16A0066205,2024-04-21 13:49:00,Pass,ofm
16A0066207,2024-04-21 13:51:00,Pass,ofm
16A0066242,2024-04-21 13:52:00,Pass,ofm
16A0066252,2024-04-21 13:54:00,Pass,ofm
16A0066197,2024-04-21 13:55:00,Pass,ofm
16A0066391,2024-04-21 13:57:00,Pass,ofm
16A0066393,2024-04-21 13:59:00,Fail,ofm
16A0066393,2024-04-22 13:59:00,Fail,ofm
16A0066393,2024-04-22 13:57:00,Pass,ofm
16A0066393,2024-04-22 13:59:00,Fail,ofm
16A0066393,2024-04-22 13:57:00,Pass,ofm
16A0066393,2024-04-22 13:59:00,Fail,ofm
16A0066393,2024-04-22 13:57:00,Pass,ofm
16A0066393,2024-04-22 13:59:00,Fail,ofm
16A0066393,2024-04-22 13:57:00,Pass,ofm
16A0066393,2024-04-22 13:59:00,Fail,ofm
16A0066393,2024-04-22 13:57:00,Pass,ofm
16A0066393,2024-04-22 13:59:00,Fail,ofm
16A0066393,2024-04-22 13:57:00,Pass,ofm
